id,q1,q2,q3,q4,q5,q6,q7,q8,q9,q10,q11,q12,q13,q14,q15,q16,q17,q18,q19,q20,q21,q22,q23,q24,q25,q26,q27,q28,q29,q30,q31,q32,computer_science_is,ad_was_useful,comment
10585,1,1,1,1,1,0,1,0,1,1,1,1,1,1,0,1,0,1,1,1,1,1,0,0,1,1,1,1,1.5,1.5,0.5,1.5,"étudier les moyens de traitement automatique des informations (les logiciels, la programmation,...) ",,fake comment
10627,1,1,1,1,1,0,1,1,0,1,1,1,1,1,1,1,1,1,0,1,1,1,0,1,1,1,0,1,1.5,0,0.5,1,C'est la science qui analyse autant l'informatique au niveau matériel que l'informatique au niveau contact sociaux (relation Homme / Machine ou autre),
10501,1,1,1,0,1,0,1,1,1,1,1,1,1,1,0,1,0,0,0,0,1,0,0,0,0,1,1,1,0.5,0.5,0.5,0.5,"le côté plus compliqué de l'informatique, ce qui se cache derrière chaque clics",4
10863,1,1,1,1,1,0,1,1,0,1,1,1,1,0,1,1,0,1,0,1,1,1,1,0,0,1,0,1,0.5,1.5,1.5,0.5,"des chiffres, du codage",4
10460,1,1,1,1,1,0,1,1,1,1,1,1,1,0,1,1,0,1,0,1,1,1,0,0,1,1,1,1,1.5,1,1.5,1,,
10533,1,1,1,1,1,1,1,1,0,1,1,1,1,1,1,1,1,1,1,1,1,1,1,0,1,1,1,1,1.5,1.5,1.5,1,"la science informatique est un domaine dans lequel on crée des logiciels, des plateformes. c'est aussi beaucoup des maths avec des algorithmes, des chiffres,... ",
10590,1,1,1,1,1,1,1,1,0,1,1,1,1,1,1,1,0,1,0,1,1,1,0,0,0,1,0,1,1,1.5,1,0.5,c'est de découvrir tout ce qu'on peut faire avec l'informatique,
10671,1,1,1,1,1,0,1,0,1,1,1,1,1,1,1,1,0,1,0,1,1,1,0,0,1,1,0,0,1,0.5,0.5,0,apprendre à connaitre ce qui se cache derrière une simple recherche internet ou apprendre à utiliser l'ensemble des capacités d'un ordinateur.,
10654,1,1,1,1,1,1,1,1,1,0,1,1,1,1,0,1,1,1,1,1,1,1,1,1,1,1,0,1,1.5,1.5,0.5,1,L'étude du numérique,
10456,1,1,1,1,1,1,1,1,1,1,1,1,1,1,0,1,0,1,1,1,1,1,1,1,0,1,0,1,1,1.5,1.5,0.5,"tout ce qui se trouve derrière un site,... la programmation, les algorithmes,...",3
10734,1,1,1,1,1,1,1,1,1,1,0,1,1,1,0,1,1,1,1,1,1,0,0,0,1,1,0,1,1,1,1.5,1.5,La programmation,
10592,1,1,1,1,1,0,1,0,0,1,1,1,1,1,1,1,1,1,1,1,1,1,1,0,0,1,0,1,1,1.5,1,1,,
10499,1,1,1,1,1,1,1,1,1,1,1,1,1,1,1,1,1,1,1,1,1,1,0,1,1,1,1,1,1.5,1.5,1.5,1.5,"Comprendre comment fonctionnent les ordinateurs, arriver à décrypter des codes et être capable de les analyser, mais aussi comprendre comment fonctionne Internet et tout ce qu'il se passe lorsque l'on effectue une recherche sur un moteur de recherche.",6
10547,1,1,1,1,1,1,1,1,0,1,1,1,1,1,0,1,1,1,1,1,1,1,1,1,1,1,0,1,1.5,1.5,1,1,,
10924,1,1,1,1,1,1,1,1,0,1,1,1,1,1,1,1,0,1,1,1,1,1,0,0,1,1,0,1,0.5,1.5,1.5,0,La science de l'informatique est l'étude des moyens de traitement automatique.,
10439,1,1,1,1,1,1,1,0,1,1,1,1,1,1,0,1,0,1,1,1,1,1,1,1,0,1,0,1,1.5,1.5,1.5,1,C'est tout ce qui représente les système de communication et de programmation,1
10678,1,1,1,1,1,1,1,1,0,1,1,1,1,1,0,1,1,1,1,1,1,1,1,1,1,1,0,1,1.5,0.5,1,1.5,cela ne me parle pas beaucoup...,2
10587,1,1,1,1,1,0,1,1,0,1,0,1,1,1,1,1,1,1,1,1,1,1,0,1,0,1,1,1,1.5,0.5,0.5,1,Les recherches qui peuvent être effectuées afin de trouver ce l'on peut réaliser à partir d'outils informatiques,
10571,1,1,1,1,1,1,1,1,1,1,1,1,1,1,0,1,1,1,1,1,1,1,0,0,1,1,0,1,0.5,0.5,1,0.5,"la science informatique c'est l'étude de ses enjeux envers l'apprentissage et l'être humain en général. C'est aussi l'apprentissage des différents programmes, de l'utilisation des ordinateurs mais aussi de l'histoire de l'informatique en général et son évolution à travers le temps.",7
10470,1,1,1,1,1,1,1,1,1,1,1,1,1,1,1,1,0,0,1,0,1,1,0,0,1,1,0,1,1,1.5,0.5,1,les fonctionnements et les connaissances de la technologie,
10781,1,1,1,1,1,0,1,1,1,1,1,1,1,1,0,1,0,0,1,0,1,1,0,0,1,1,0,0,0.5,0.5,1,0.5,,
10703,1,1,1,1,1,1,1,1,0,1,1,1,1,1,0,1,1,1,1,1,1,1,1,1,1,1,0,1,1.5,1.5,0.5,1,je ne suis vraiment pas douée. je pense connaître le strict minimum et encore !,
10908,1,0,1,1,1,1,1,1,1,1,1,1,1,1,1,1,1,1,1,1,1,1,1,1,1,1,1,1,1,1.5,0.5,1,étude de tout ce qui est relié à l'informatique,
11051,1,1,1,0,1,1,1,0,1,1,1,1,1,0,0,1,0,1,0,1,0,0,0,0,1,1,1,1,1.5,1.5,0.5,1,"connaissances sur un objet, vérifiées par des méthodes expérimentales. ",
10569,1,1,1,1,1,0,1,1,0,1,1,1,1,1,1,1,1,1,1,1,1,1,1,0,0,1,0,0,1,1.5,1,1,je ne sais pas,5
10557,1,1,1,1,1,0,1,1,1,1,1,0,1,1,0,1,0,1,0,0,1,1,1,0,0,1,0,0,1.5,1.5,0.5,0.5,"C'est tout ce qui touche aux algorithmes, à la programmation et à ce qui se passe à l'intérieur de nos appareils informatiques ",
10485,1,1,1,0,1,0,1,0,1,1,1,1,1,1,1,0,1,1,0,1,0,1,0,1,1,1,0,1,1.5,1.5,0.5,0.5,,1
10537,0,1,1,1,1,1,1,1,0,1,1,1,1,1,1,1,1,1,1,1,1,1,1,0,1,1,1,1,1.5,0.5,1.5,1.5,C'est l'étude de l'informatique,
10775,1,1,1,1,1,0,1,1,1,1,1,1,1,1,1,1,0,0,1,1,1,1,0,0,1,1,0,1,1.5,0.5,1.5,0.5,les algorithmes,2
10626,1,1,0,1,1,1,1,1,1,1,1,1,1,1,1,1,1,1,1,1,1,1,0,0,0,1,1,1,1.5,1.5,1.5,1.5,C'est l'apprentissage de tout ce qui est numérique.,
10836,1,1,1,0,0,0,1,1,1,1,1,1,1,0,1,1,0,1,1,0,1,1,1,0,0,1,0,1,1,1,1.5,1,du chinois mais que j'aimerais tant maitriser pour régler des soucis informatiques par exemple avec zoom et mon MacBook Pro ,
10500,0,1,1,0,1,0,1,1,0,1,1,1,1,0,0,1,1,1,1,1,1,1,0,1,1,1,0,1,1.5,1,1.5,1,les connaissances des technologiques qui se cachent dans les ordinateurs et derrière le web. ,
10705,1,1,1,1,1,1,1,1,0,1,1,1,1,1,0,1,0,1,1,1,1,1,1,1,1,1,0,1,1.5,1.5,1.5,1.5,Le traitement de l'information numérique,
10361,1,1,1,1,1,0,1,1,1,1,1,1,1,1,0,1,0,1,0,1,1,1,0,0,1,1,1,1,0.5,0,0.5,1,Une nouvelle science qui évolue très vite. Qui fait partie de nos vies à tous mais que la plupart d'entre-nous maîtrise très mal.,
10579,1,1,1,1,1,1,1,1,0,1,1,1,1,0,1,1,1,0,1,1,1,1,0,1,0,1,0,1,1.5,1.5,1,1,Le fonctionnement de tout ce qui a un lien avec les ordinateurs et au fonctionnement de ceux-ci,
10629,1,1,0,1,1,1,1,0,1,1,1,0,1,1,1,1,1,1,0,1,1,1,1,1,1,1,0,1,1,1.5,1,1,Ce qui concerne tous les processus qui permettent de faire travailler un système,6
10337,1,1,1,1,1,1,1,1,1,1,1,1,1,1,1,1,1,1,1,1,1,1,1,1,1,1,1,1,1.5,1.5,0.5,1.5,L’étude de tout ce qui nous permet d’utiliser des outils informatiques ,
10548,1,1,1,1,1,0,1,1,0,1,1,1,1,1,1,1,0,1,1,1,1,1,0,0,1,1,0,1,1.5,1.5,1.5,0,"La bonne utilisation de l'informatique, les savoirs essentiels en informatique. Je pense que cette science devient de plus en plus importante avec la société qui évolue et qu'il est important de s'y former. ",
10605,1,0,1,1,1,1,1,0,1,1,1,1,1,1,1,1,1,1,1,1,1,1,0,1,1,1,1,1,0.5,0,1,1,Comprendre le fonctionnement d'internet,4
10664,1,1,0,1,0,0,1,1,0,1,1,1,1,0,0,1,0,0,1,1,1,0,0,0,0,1,1,1,0.5,1.5,1.5,0,c'est une étude qui étudie comment fonctionne les informations,
10313,1,1,1,1,1,0,1,1,1,1,1,1,1,1,0,1,0,0,1,0,1,1,0,0,1,1,0,0,0.5,0.5,1,1,Comprendre le monde de la technologie ,
10312,1,1,1,1,1,1,1,1,0,1,1,1,1,1,0,1,0,0,1,0,0,1,1,0,1,1,0,1,1.5,0.5,0.5,1,cela sert à traiter de manière automatique certaines informations,
10370,1,1,0,1,1,1,1,1,1,1,1,0,1,1,0,1,1,0,1,0,1,1,1,0,1,1,1,1,1,1.5,0.5,0.5,"Selon moi, la science informatique regroupe tout ce qui touche au traitement des données et des informations numériques. ",
10476,1,1,0,1,1,1,1,1,1,1,1,0,1,1,0,1,1,0,1,0,1,0,1,1,1,1,1,1,1.5,1.5,0.5,0.5,,5
10880,1,1,1,1,1,1,1,1,0,1,1,1,1,1,0,1,0,1,1,1,1,1,1,1,1,1,0,1,1.5,1.5,1.5,1.5,,
10348,0,1,1,1,1,1,1,1,0,1,1,1,1,1,1,1,1,1,1,1,1,1,1,0,1,1,1,1,1.5,1.5,1.5,1.5,"l'étude de l'informatique, des nouvelles technologies, programmes, machines",4
8608,1,1,1,1,1,0,1,1,1,1,1,1,1,1,1,1,1,1,1,1,1,1,1,1,0,1,0,1,1.5,1,1,1.5,science qui étudie le traitement numérique de l'information,
10570,1,0,1,1,1,0,1,1,1,1,1,1,1,1,1,1,1,0,1,1,1,1,0,0,1,1,1,1,1.5,0.5,0.5,0.5,La discipline qui étudie l'informatique et ses processus.,7
10491,1,1,1,1,1,1,1,1,1,1,1,1,1,1,0,1,1,1,1,1,1,1,0,0,1,1,0,1,1,0.5,1,1,C'est savoir comment fonctionnent les systèmes ainsi que de comprend leur origine. C'est aussi s'intéresser à la manière dont ça influence notre société (et est influencé par la société) et projeter son développement à venir.,
11009,1,1,1,0,1,0,1,1,1,1,0,0,1,1,0,1,1,0,1,1,0,1,0,0,0,1,1,1,0,1.5,1.5,1,la connaissance de l'informatique ainsi que les programmes.,5
10525,1,1,0,0,1,1,1,1,0,1,1,1,1,1,1,1,1,0,1,0,0,1,0,0,0,1,1,0,0.5,0,1,0.5,C'est une science qui combine des mathématiques et de la technologie. ,
10507,1,1,1,1,1,1,1,1,0,0,1,1,1,1,1,1,1,0,1,0,1,1,0,1,1,1,0,1,1.5,0.5,1,0.5,"La science de l'informatique est pour moi, tout ce qui touche à l'informatique pour comprendre comment cela fonctionne",7
11081,1,1,1,1,1,0,1,1,0,1,1,1,1,1,1,1,0,1,1,1,1,1,1,1,0,1,1,1,0.5,0.5,1,0,C'est de connaître tous els aspects de l'informatique auxquels nous sommes exposés. C'est une branche plutôt technique. ,
10471,1,1,1,1,1,1,1,1,1,1,1,1,1,1,1,1,1,0,0,1,1,1,1,1,1,1,1,1,1.5,1.5,1,1.5,"La science informatique est pour moi l'étude du fonctionnement d'un ordinateur, de robots, etc.",
10582,1,0,1,1,1,1,1,1,0,1,1,1,1,1,1,1,0,0,1,0,1,1,0,0,1,1,0,1,0.5,1.5,1,0.5,C'est l'ensemble des actions que l'on peut réaliser grâce à l'informatique,
11054,1,1,1,1,1,0,1,1,1,1,1,1,1,1,1,1,0,0,0,1,1,0,1,0,1,1,0,1,1.5,1.5,1.5,1,,
10520,1,1,1,1,1,1,1,1,1,1,1,1,1,1,1,1,0,1,1,1,1,1,1,1,0,1,0,1,1.5,1.5,1,0.5,"Moyens pour enregistrer, trier et stocker des données, faire des recherches, programmer, etc.",
10543,1,1,0,1,0,0,1,1,0,1,1,1,1,0,0,1,0,0,1,1,1,0,0,0,0,1,1,1,1,1,1.5,0,Un type de science car c'est à base de calculs,
10469,1,1,1,1,1,0,1,1,1,1,1,1,1,1,1,1,0,1,1,1,1,1,1,0,1,1,0,1,1.5,1.5,0.5,1.5,,
10732,1,1,1,1,1,0,1,1,1,1,1,1,1,1,1,1,1,1,0,0,1,1,0,1,1,1,0,1,1.5,1.5,1.5,1,une science importante actuellement,7
10581,1,1,1,1,1,0,1,1,1,1,1,1,1,1,1,1,0,0,1,0,1,1,1,1,0,1,1,1,1.5,1.5,1.5,1,Il s'agit de la science qui étudie le fonctionnement de l'informatique ainsi que la façon dont nous interagissons avec. ,
10846,1,0,1,1,1,1,1,1,0,1,1,1,1,1,0,1,0,0,1,0,0,1,1,0,1,1,0,1,0.5,0.5,1,1.5,comprendre ce qui se cache sous les outils informatiques ,4
10717,1,1,1,1,1,1,1,1,1,1,1,1,1,1,1,1,1,1,1,1,1,1,1,1,1,1,1,1,1.5,1.5,1,1.5,Comprendre l'impact du numérique dans la société,6
10993,0,0,1,1,1,1,1,1,1,1,1,1,1,1,0,1,1,0,1,1,1,1,1,0,0,1,0,0,1.5,1.5,1.5,0.5,"tout ce qui touche au domaine du numérique (algorythmique, programmation, etc...)",
11082,1,1,1,1,1,0,1,1,0,1,1,1,1,1,0,1,0,1,1,1,1,1,0,0,1,1,0,1,1.5,1.5,1,1,"je en m'y connais pas vraiment en informatique, je sais faire des recherche, utiliser world et powerpoint et je ne suis pas tout à fait au point avec excel",
10659,1,1,1,1,1,0,1,0,0,1,1,1,1,1,1,0,1,0,0,1,1,1,0,1,1,1,0,1,1.5,1.5,1,1.5,"c'est ce qui touche à l'informatique: programmation, internet, etc",
10967,1,1,1,1,1,1,1,0,1,1,1,1,1,0,1,1,0,0,1,1,1,1,1,1,1,1,0,1,1,0.5,0.5,1,Comprendre comment fonctionnent les outils informatiques. ,
10486,1,1,1,1,1,0,1,1,1,1,1,1,1,1,1,0,1,1,1,0,1,1,0,0,1,1,1,1,1,1.5,1,1,"Une science qui parle d'informatique comme, la composition des ordinateurs, les différents systèmes informatiques, les données, la programmation, etc.",
10440,1,1,1,1,1,0,1,1,1,1,1,1,1,1,0,1,0,0,1,0,1,1,0,0,1,1,0,0,0.5,0,1,0.5,Une science abstraite,
10362,1,1,1,1,1,1,1,1,0,1,1,1,1,1,1,1,0,0,1,0,1,1,0,0,1,1,0,1,1,1.5,0.5,0.5,"tous ce qui crée l'informatique, les moteurs de recherche, les algorithme, des codes etc...",
10940,1,1,1,1,1,0,1,1,1,1,1,1,1,0,0,1,1,1,1,1,1,1,1,1,0,1,0,1,1,1.5,0.5,1,,
10478,1,1,1,1,1,0,1,1,0,1,1,1,1,1,1,1,1,1,1,1,1,1,0,1,0,1,1,1,1.5,0,1.5,1,La science informatique c'est être capable d'utiliser toute technologie.,
10541,1,1,0,1,1,1,1,1,1,1,0,1,1,1,1,1,0,1,1,0,1,1,1,1,1,1,0,1,0.5,1.5,1.5,1,Le fonctionnement de l'informatique,3
10489,1,1,1,1,1,0,1,1,1,1,1,1,1,1,1,1,0,0,1,1,1,1,0,0,1,1,1,1,1,1.5,1.5,1.5,,
10564,1,1,1,1,1,0,1,1,0,1,1,1,1,1,1,1,1,1,1,1,1,1,1,1,0,1,0,1,1,1,1.5,0,C'est la science des programmes et calculs qui permettent à l'informatique d'être ce qu'elle est. ,
10561,1,1,1,1,1,0,1,1,1,1,1,1,1,1,0,1,0,1,0,1,1,1,0,1,1,1,1,1,1.5,0,1.5,0,Tout ce qui est en lien avec le numérique,
10523,1,1,1,1,1,1,1,1,1,1,0,1,1,1,0,1,0,1,0,1,1,1,1,0,0,1,0,1,1.5,0.5,0.5,1.5,L'utilisation d'appareils numériques,
11034,1,1,1,0,1,1,1,1,0,0,1,0,1,1,0,0,0,0,0,0,0,0,0,1,1,1,1,0,1.5,0,1.5,1,"de l'informatique, je n'en sais pas plus",
10283,1,0,1,1,1,1,1,1,1,1,1,1,0,1,0,1,0,0,1,1,1,1,1,0,1,1,0,1,0.5,1,1,1,,
10443,0,0,1,1,1,0,1,1,1,1,1,1,1,1,1,0,0,0,0,1,1,1,0,0,1,1,0,1,1.5,1.5,1,1,"C'est la science du des outils numériques, des nouvelles technologies informatiques et intelligences artificielles. Plus particulièrement le numérique avec l'outil ordinateur ou tablette.",4
10538,1,1,1,1,1,0,1,1,1,1,1,1,1,1,0,1,0,0,1,1,1,1,0,0,1,1,0,1,0.5,1.5,1,1,La science informatique concerne toute recherche en rapport avec l’informatique (les ordinateurs).,
11052,1,1,1,1,1,1,1,1,1,1,1,0,1,1,0,1,0,1,1,1,1,1,0,1,1,1,1,1,1.5,0,0.5,1,algorithmes,7
11053,1,1,1,1,1,1,1,1,1,1,1,1,1,1,1,1,0,0,1,1,1,1,0,0,1,1,0,1,1,1.5,0,0,,
10484,1,1,1,1,1,0,1,1,1,1,1,1,1,1,1,1,0,1,1,1,1,1,0,1,1,1,1,1,1.5,1.5,1.5,1.5,Comprendre comment fonctionne ce qui est numérique et savoir utiliser les objets qui s'y rapportent. ,
10517,1,1,1,1,1,1,1,1,1,1,1,0,1,1,1,1,0,0,1,1,1,1,1,0,0,1,1,1,1,1.5,1,1.5,une chose compliquée et plutôt abstraite,1
10607,1,1,1,1,1,0,1,1,1,1,1,1,1,1,1,1,0,1,1,1,1,1,0,1,1,1,1,1,0.5,0.5,1.5,0.5,Compliquée ,1
10577,1,1,1,1,1,0,1,1,1,1,1,1,1,1,1,1,1,1,1,1,1,1,1,1,1,1,1,1,1.5,1.5,0.5,1.5,La science informatique est un progrès récent visant à améliorer le domaine digital de notre société. ,
10790,1,1,1,1,1,0,1,1,1,1,1,1,1,1,1,1,0,0,0,1,1,0,1,0,1,1,0,1,1.5,1.5,1,1,Il s'agit de l'étude de tout ce qui concerne le traitement de l'information numérique.,5
10551,1,1,1,1,1,0,1,1,1,1,0,1,1,1,1,1,0,1,1,1,1,1,0,0,1,1,1,1,1,1.5,1,1,"Tout ce qui se relie à l'ordinateur, le Beamer, les téléphones donc les objets numériques. La science informatique permet de comprendre comment fonctionne tel ou tel outil afin de les maîtriser et les réutiliser.",6
10966,1,1,1,1,1,1,1,1,0,0,0,1,1,1,0,1,0,0,1,0,1,0,0,0,1,1,0,1,1.5,0.5,0.5,0.5,l'étude du fonctionnement des algorithmes...,
10490,1,1,1,1,1,1,1,1,0,1,1,1,1,1,1,1,0,0,1,0,1,1,0,0,1,1,0,1,1,0.5,0,1.5,,
10521,1,1,1,1,1,0,1,1,0,0,1,1,1,1,1,1,1,1,1,1,1,1,0,1,1,1,0,1,1,1.5,0.5,0.5,"Du chinois ? L'informatique est très vague et compliqué pour moi. Je sais faire fonctionner un ordinateur, utiliser des programmes mais je ne connais pas tout ce qui se cache derrière.",5
10602,1,0,1,1,1,0,1,0,1,1,1,1,1,1,0,1,0,0,0,1,1,1,0,0,0,1,0,1,1.5,1.5,0.5,1,"le codage informatique, comprendre le fonctionnement des algorithmes...",6
11010,0,1,1,0,1,0,1,1,1,1,0,0,1,1,0,1,1,0,1,1,0,1,1,0,1,1,1,1,0.5,1.5,1.5,1,Ce qu'il se passe derrière nos recherches,
10628,1,1,0,0,1,0,1,1,1,1,1,1,1,1,1,1,0,0,1,1,1,1,0,0,0,1,0,1,1.5,1,1.5,1,"La science informatique, c'est la recherche sur le fonctionnement d'un ordinateur et ce qu'on peut y faire",
11089,1,1,1,1,1,1,1,1,1,1,1,1,1,1,0,1,0,0,1,0,1,1,0,0,1,1,1,1,1,1.5,1.5,1,Tout ce qui touche au numérique,
10512,1,1,0,1,1,1,1,1,1,1,1,1,1,1,0,1,0,1,1,1,1,1,0,1,0,0,0,1,1.5,1.5,1.5,1,,
10621,1,1,1,1,1,1,1,1,1,1,1,1,1,1,1,1,0,1,1,1,1,1,1,1,1,1,0,1,1.5,1,1,1,La capacité à comprendre les opérations algorythmiques réalisées par un système ,6
10737,1,1,1,1,1,0,1,1,0,1,1,1,1,1,1,0,1,1,1,0,1,1,1,1,1,1,0,1,1.5,1,1.5,0.5,,
10612,1,1,1,1,1,0,1,1,1,1,1,1,1,1,1,0,0,1,1,1,1,1,0,0,1,1,0,1,1.5,1.5,1,1.5,"les codes, maths qu'il y a derrière un site, une page ou un jeu.",5
10522,1,1,1,1,1,1,1,1,1,1,1,1,1,0,1,0,0,0,0,1,1,1,0,0,1,1,0,1,1.5,0.5,1.5,1.5,,7
10804,1,1,0,1,1,0,1,0,0,1,1,1,1,1,1,1,0,0,1,1,1,1,0,0,1,1,1,0,1,0,1.5,0,Un moyen de comprendre comment utiliser la technologie et de comprendre son mécanisme.,
10887,1,1,1,1,1,1,1,1,0,1,1,1,1,1,1,1,1,1,1,1,1,1,1,1,1,1,1,1,1,1.5,1.5,1,Les études et recherche au sujet de l'information numérique,
10652,1,1,0,1,1,1,1,0,1,1,1,1,1,1,1,1,1,1,1,1,1,0,1,1,1,1,1,1,1,0.5,1.5,0.5,la science de l'informatique est quelque chose de complétement abstrait pour moi.,
10793,1,0,1,1,1,1,1,1,1,1,1,1,1,1,0,1,1,0,1,1,0,1,0,0,1,1,0,1,0,0,0,0.5,,
10883,1,1,0,1,1,0,1,1,0,1,1,1,1,1,0,1,1,0,0,0,0,0,0,0,0,1,0,0,0.5,0.5,0.5,0,"La science informatique fait partie de notre présent et surtout de notre avenir, ",
10483,0,1,0,1,0,0,1,1,0,0,1,1,1,1,1,1,0,1,0,1,1,1,1,0,0,1,1,1,1,0.5,1,0.5,aucune idée ,
10743,1,1,0,1,1,0,1,1,1,1,1,1,1,1,0,1,0,0,0,0,0,1,1,0,0,1,1,0,1.5,1.5,0.5,1,,6
10975,1,1,1,1,1,0,1,1,1,1,1,1,1,1,1,1,0,0,0,0,1,1,1,0,1,1,1,1,1,1.5,0.5,1,,
10436,1,1,1,1,1,1,1,1,1,1,1,1,1,1,1,0,1,1,1,1,1,1,1,0,1,1,0,1,0.5,0.5,1.5,1,comprendre les différentes technologies liées à l'informatique,
10480,1,1,1,1,1,0,1,1,1,1,1,1,1,1,1,1,0,0,0,0,1,1,1,0,1,1,1,1,1,1.5,1,1.5,,
10473,1,1,1,1,1,0,1,1,1,1,1,1,1,1,1,1,0,0,0,0,1,1,1,0,1,1,1,1,1.5,1.5,0.5,1.5,,6
10686,1,1,1,0,1,0,1,1,0,1,1,1,1,1,0,1,1,1,1,1,1,1,1,0,1,1,1,1,1.5,1.5,0.5,1,Ce qu'il se passe derrière nos ordinateurs.,4
10915,1,1,1,1,1,1,1,0,1,1,1,1,1,1,1,1,0,1,1,1,1,1,0,0,0,1,1,1,0.5,0,0.5,0,,
10530,1,1,1,1,1,1,1,1,0,1,1,1,1,0,0,1,1,0,0,0,1,0,1,1,1,0,0,1,1,1.5,0.5,1,Tout ce qui est en lien avec la technologie...,
10616,1,1,1,1,1,1,1,1,1,1,1,1,1,1,1,1,1,0,1,0,1,1,1,0,1,0,0,1,1,1.5,1.5,0.5,L'étude du fonctionnement des ordinateurs et des différents sites internet.,
9158,1,1,1,1,1,1,1,1,1,1,1,1,1,1,0,1,0,1,1,1,1,1,1,1,1,0,1,0,1,1.5,1.5,0.5,,
10472,1,1,1,1,1,0,1,0,0,1,0,1,1,0,0,0,1,0,0,1,0,0,0,0,1,1,0,0,0.5,0,0.5,0.5,s'intéresser aux programmes informatiques et aux robots,
10943,1,1,1,0,1,0,1,1,1,1,1,1,1,1,1,1,1,0,1,1,1,1,1,0,1,1,1,1,0.5,1.5,1,1,,
10630,1,1,1,0,1,1,1,1,1,1,1,1,1,1,0,1,0,0,1,1,1,1,1,0,1,1,0,1,1,0,1,0.5,"Selon moi, la science informatique est une science portant sur la représentation d'informations en langage numérique.",
10770,1,1,1,1,1,1,1,1,1,1,1,1,1,1,1,0,1,1,1,1,1,1,0,0,0,1,1,1,1,1.5,1.5,0.5,Tout ce qui tourne autour de l'information et d'internet ,
10637,1,1,1,1,1,1,1,1,0,1,1,1,1,1,0,1,1,1,1,1,0,1,1,1,1,1,1,1,1,0.5,1,0.5,"comprendre comment les objets maintenant de notre quotidien fonctionnent, mais aussi sur nous et comment nous pouvons cohabiter avec eux de la meilleure des façons possible",
10448,1,1,1,1,1,0,1,1,1,1,1,1,1,1,1,1,1,1,1,1,1,1,1,1,0,1,0,1,1.5,1.5,1,1,"étude qui porte sur tout ce qui touche au domaine numérique, pour son apprentissage, mais aussi son exploitation, qui est aujourd'hui au service de quasiment (voire tous) tous les domaines professionnels.",5
10635,1,1,1,1,1,0,1,0,1,1,1,0,1,1,1,1,1,1,1,1,1,1,1,1,1,1,1,1,1,1.5,0.5,0,,
10919,1,1,1,0,1,0,1,1,0,1,1,1,1,1,0,0,0,1,1,0,0,1,1,0,0,1,0,0,1,0.5,1,0.5,,
10462,1,1,0,1,1,0,1,1,1,1,1,1,1,1,1,1,1,1,1,1,1,1,0,0,1,1,1,1,1,1.5,1.5,1,"c'est la connaissance de la programmation, des différents réseaux, tout ce qui vise à comprendre les activités lié à l'informatique",7
10494,1,1,1,1,0,0,1,1,0,1,1,1,1,1,1,1,0,0,1,0,0,0,1,0,1,1,0,1,1,1.5,1.5,1,La science informatique traite de l'information numérique et des programmes,
11003,1,1,1,0,1,0,1,0,0,0,0,1,1,1,1,1,0,0,0,0,1,0,0,0,0,1,0,1,0.5,0,1,0,,
10509,1,1,1,1,1,1,1,1,1,1,1,1,1,1,1,1,1,1,1,1,1,1,0,0,1,1,1,1,1,1.5,0.5,1,,
10792,1,1,1,1,1,1,1,1,1,1,1,1,1,1,0,1,1,0,1,1,0,1,0,0,0,1,0,1,0,0,1,0,C'est le traitement de l'information à travers différents programmes informatiques,
10712,1,1,1,1,0,0,1,0,1,1,1,1,1,1,1,1,0,1,0,1,1,1,0,1,1,1,1,1,0.5,0.5,1.5,0,apprentissage de l'usage de l'informatique,
10603,1,1,1,1,1,0,1,0,1,1,1,0,1,1,1,1,1,1,1,1,1,1,1,1,1,1,1,1,1,1.5,1.5,1,L'étude du fonction des machines au niveau du hardware et du software ainsi que leur interactions sur les différents réseaux,
9691,1,1,1,1,1,0,1,1,1,1,1,1,1,1,1,1,0,1,1,0,0,0,0,0,0,1,0,0,0,1.5,0.5,0,La science de l'information et l'étude des algorithmes pour traiter l'information,7
10539,1,1,1,0,0,0,1,1,0,1,1,1,1,1,0,1,1,1,1,1,1,1,1,1,0,1,1,1,1,1,0.5,0.5,C'est tout ce qui touche à l'informatique.,5
10834,1,1,1,0,1,1,1,1,1,1,1,1,1,1,0,1,0,0,1,1,0,1,0,0,1,1,1,0,1.5,0.5,1,1.5,"Une science qui traite le domaine de l’informatique, la programmation, les ordinateurs et autres technologies telles que des robots.",4
10779,1,1,1,0,1,0,1,1,1,1,1,1,1,1,0,0,0,0,1,0,1,1,1,0,1,1,0,1,0.5,0,0.5,0.5,"pour moi la science de l'informatique représente les codages, le binaire ainsi que les algorithmes mis en places pour favoriser nos recherches.",
10660,1,1,0,1,1,1,1,1,1,1,1,1,1,1,1,1,1,0,1,0,0,1,0,0,1,1,1,1,1.5,1.5,1.5,1.5,Acces à l'informatioin,
10322,1,1,1,1,1,1,1,1,1,1,1,1,1,1,1,0,1,1,1,1,1,1,1,1,1,1,1,1,1,0.5,1,0,L'étude de comment fonctionnent l'informatique pour le comprendre et l'améliorer. ,7
10487,1,1,1,1,1,0,1,1,1,1,1,1,1,1,1,1,0,0,0,0,1,1,1,0,1,1,1,1,1.5,1,0.5,1,,
10459,1,1,0,1,1,0,1,1,1,1,1,1,1,1,1,1,1,0,1,1,1,1,0,0,1,1,1,0,1.5,1,1.5,1,programmation,
10876,0,1,0,1,1,0,1,1,1,1,1,1,1,1,1,1,1,0,1,1,1,1,0,0,0,1,1,1,1,1.5,0.5,1,une discipline visant à comprendre le langage des machines et son utilisation,
10224,1,1,1,1,1,0,1,1,0,1,1,1,1,1,1,1,0,1,1,1,1,1,0,1,1,1,0,1,1.5,1,1.5,1.5,Une discipline scientifique que utilise des données numériques ,4
10669,1,1,1,1,1,1,1,0,1,1,1,1,1,1,0,1,1,0,1,1,1,1,0,1,0,1,0,1,1.5,0.5,1,1,"C'est la technologie pour améliorer et faciliter notre vie, c'est l'évolution et l'avenir mondial.",
10024,1,1,1,1,1,1,1,1,1,1,1,1,1,1,1,1,1,1,1,1,1,1,1,1,0,1,1,1,1,1,1,1.5,"Une science (des savoirs, programmes, algorythmes... )qui permet de traiter un grand nombre de données dans des domaines aussi différents que la finance, l'enseignement ou le commerce (industrie, vente...)",
10914,1,1,1,1,1,1,1,1,1,1,1,1,1,1,1,1,0,1,1,1,1,1,0,0,0,1,1,1,0.5,0.5,0.5,0.5,,
10620,1,1,1,0,1,0,1,1,0,1,0,1,1,0,0,0,0,1,0,0,0,1,1,0,0,1,0,0,1.5,1.5,0.5,0,"c'est ce qui a un rapport avec la technologie, les ordinateurs, etc.",2
10233,1,1,1,1,1,1,1,1,1,1,1,1,1,1,0,0,0,0,1,1,1,1,0,0,1,1,0,1,1.5,1.5,0.5,1,"Concevoir des programmes pour le traitement à grande vitesse d'informations, elle permet à l'homme d'exécuter des calculs complexes plus rapidement et efficacement que lui. C'est pour moi la maitrise d'un langage et d'une logique.",
10978,1,1,1,1,1,0,1,1,1,1,1,1,1,1,1,0,1,0,1,0,1,0,0,1,0,1,0,1,1,0.5,0.5,0.5,C'est l'étude des moyens de traitement de l'information.,
11017,0,1,1,1,1,0,1,1,1,1,1,1,1,1,0,1,1,1,1,1,1,1,0,0,1,1,0,1,1.5,1.5,1,1.5,Je n'y connais pas grand chose,
10823,1,1,0,0,1,1,1,1,0,1,1,1,1,0,1,0,1,0,1,0,0,0,0,1,0,1,1,0,1,0.5,0,0,,
10343,1,1,1,1,1,0,1,0,0,0,1,1,1,1,1,1,0,0,1,1,1,0,0,1,0,1,1,1,1.5,0.5,0.5,1,,
11105,1,1,1,1,1,0,1,0,1,0,1,1,1,0,1,1,1,1,1,0,0,0,1,0,0,1,1,1,0.5,1.5,0.5,0.5,,
10646,1,1,0,1,1,1,1,0,1,1,1,1,1,1,1,1,0,1,0,1,1,1,0,1,0,1,0,0,1.5,1,0.5,1.5,"la science informatique c'est la création, l'utilisation et le savoir sur des outils modernes et programmables ",
10019,1,1,1,1,0,1,1,1,1,1,1,1,1,1,1,0,1,0,0,1,1,1,0,1,1,1,1,1,1.5,0.5,1.5,1.5,"Programmation dos, c+ (ça date de 15 ans de mes études)",1
10651,1,1,0,1,1,1,1,1,1,1,1,1,1,1,1,1,0,0,1,0,1,1,0,0,0,1,0,1,0.5,0,1,0.5,L'étude du monde numérique,2
10995,1,1,1,1,1,0,0,1,0,1,0,1,1,1,0,1,1,1,1,1,1,1,0,1,0,1,0,1,1.5,1.5,0.5,1,la logique qu'il y a derrière l'informatique,
11015,1,1,1,1,0,0,1,1,1,1,1,1,1,0,1,1,0,0,1,1,1,0,0,1,1,1,0,1,1,1.5,0.5,0.5,La science informatique est quand on a beaucoup de numérique de dans.,
11062,1,1,1,1,1,1,0,0,1,1,1,1,1,0,1,1,0,0,0,0,1,0,1,0,0,0,0,1,0.5,0.5,1.5,0,,3
10921,1,1,1,1,0,0,1,0,1,1,1,1,1,0,1,1,1,0,1,1,1,1,1,0,1,0,1,1,0.5,1.5,0.5,1,,1
10644,1,1,1,1,1,1,1,1,1,1,1,1,1,0,1,1,1,1,1,1,1,1,1,1,1,1,1,1,1.5,1.5,1,1.5,l'explication de divers procédés informatique,
10558,1,1,1,1,1,1,1,0,1,1,1,1,1,0,1,1,1,1,1,1,1,1,0,1,1,0,1,1,1.5,0.5,0.5,0,des algorithmes ,
10756,1,1,1,1,1,1,1,1,1,1,1,1,1,1,1,1,0,0,1,1,1,1,1,1,1,1,1,0,1,1.5,1.5,0,le futur,
10454,1,1,1,1,1,0,1,0,1,1,1,1,1,1,1,1,1,1,1,1,1,1,1,0,1,1,1,1,1,1.5,1.5,1.5,Le savoir sur tout ce qui traite de l'informatique,
10642,1,1,1,1,1,0,1,0,1,1,0,1,1,1,0,1,0,1,1,1,1,1,1,1,1,1,1,0,1,1.5,0.5,0,"Je ne sais pas, je trouve que c'est très ""technique"" et je ne me suis jamais vraiment penchée sur le sujet. ",
10714,1,1,1,1,1,0,1,1,0,1,1,1,1,0,0,1,0,1,1,1,1,1,0,0,0,1,1,1,1.5,0,0.5,0.5,"une branche qui traite les médias, la communication, internet, les mathématiques, les réseaux.",5
10950,1,1,1,0,1,1,1,1,1,1,1,1,1,1,1,1,1,1,1,1,1,1,0,0,1,1,1,1,1.5,1.5,0.5,1,Utiliser les technologie pour faire apprendre et grandir les enfants,
10606,1,1,1,0,0,0,1,0,1,1,1,1,1,1,1,0,0,0,1,1,1,1,0,0,1,1,1,1,1,0,0.5,0,"C'est l'étude du développement informatique, de son évolution",
10676,1,1,1,1,1,1,1,1,0,0,1,1,1,1,1,1,1,1,1,1,1,1,1,0,1,1,1,1,1.5,1.5,1,1.5,"le codage, confection de systèmes informatiques / programmes.",
11137,1,1,1,0,0,0,1,1,1,1,1,1,1,1,1,0,0,0,1,1,1,1,0,0,1,1,1,1,1.5,1.5,0.5,1,C'est l'art d'utiliser l'informatique et donc les diverses plateformes.,
10572,1,1,1,0,1,0,1,0,1,0,1,1,1,1,1,0,0,0,1,1,1,1,1,1,1,1,1,0,0.5,0.5,0.5,0.5,"c'est l'étude de l'informatique, ce qu'elle compose.",
10518,1,1,1,0,0,0,1,1,1,1,1,1,1,0,1,0,0,0,1,0,1,1,0,0,1,1,1,1,1,1.5,0.5,0,"C'est tout ce qui concerne les programmes informatiques, ...",2
11079,1,1,1,1,1,0,1,0,0,1,1,1,1,1,1,1,0,0,1,1,1,1,1,1,1,1,1,0,1.5,0.5,1.5,1.5,,
11112,0,1,1,1,0,0,0,0,0,1,0,1,1,1,1,1,0,1,1,0,0,1,0,0,1,1,0,0,0.5,0,1,0,,
10816,1,1,1,1,1,1,1,1,1,1,1,1,1,1,1,1,1,0,1,0,1,1,1,1,1,1,1,0,1,1.5,0.5,0,,1
10657,1,1,1,1,1,0,1,1,1,1,1,1,1,1,0,1,0,0,1,1,1,1,1,1,1,1,0,0,1,0,1,1,Il s'agit de tout ce qui touche au numérique.,6
10492,1,1,1,1,1,0,1,0,0,0,1,1,1,1,0,1,0,0,1,0,1,1,1,1,1,1,0,0,1.5,0.5,0.5,0.5,"C'est le domaine qui permet de comprendre comment les données sont récoltées, comment elles sont analysées et stockées. ",
10623,1,1,1,1,1,0,1,0,1,1,1,1,1,1,0,1,0,0,1,1,1,1,0,1,1,1,0,0,1.5,0.5,1,0,"C'est tout ce qui touche à la technologie, les ordinateurs et les machines programmées ",
10719,1,1,1,1,1,0,1,0,0,1,1,1,1,1,1,1,0,1,1,1,1,1,1,1,1,1,1,0,1,0.5,0.5,1.5,"L'étude de l'informatique, les algorithmes. Pleins de chose qu'on utilise au quotidien mais toutefois très abstrait pour ma part.",
10752,1,1,1,0,1,0,0,0,1,1,1,1,1,1,1,1,1,0,1,1,1,1,1,1,1,1,0,1,1.5,1.5,1,0.5,Une science très abstraite dont les rudiments sont devenus indispensables dans notre quotidien.,
10481,1,1,1,0,1,0,1,1,1,1,1,1,1,1,1,1,0,1,1,1,0,1,1,1,0,1,1,1,1,1.5,1,1,"S'y connaitre dans la technologie, savoir coder, savoir utiliser tout les outils ",5
10497,1,1,1,1,1,1,1,1,0,0,1,1,1,1,1,1,1,1,1,1,1,1,1,0,1,1,1,1,1.5,1.5,0.5,1,L'étude de l'informatique,
10352,1,0,1,1,0,1,0,1,0,1,1,1,1,0,1,1,1,1,1,1,1,1,0,1,0,1,0,0,1,0.5,1.5,0.5,,
10496,1,1,1,1,1,0,1,0,1,1,1,1,1,1,0,1,0,0,1,0,1,1,1,1,1,1,0,0,0.5,0.5,1,0,,
10768,1,1,1,1,1,1,1,1,1,1,1,1,1,0,1,1,1,1,0,1,1,1,1,0,0,1,1,0,1.5,0,1,1,aucune idée,
10931,1,1,1,0,1,0,1,1,0,1,1,1,1,1,1,1,1,0,1,1,1,1,1,1,1,0,1,1,1.5,1.5,1,0,Toutes les recherches qui touchent l'informatique.,
10875,1,1,1,1,1,0,1,0,0,0,1,1,1,1,0,1,0,0,1,0,1,1,1,1,1,1,0,0,0.5,0.5,0.5,0.5,,
10984,1,1,1,1,1,0,1,0,1,1,1,1,1,1,1,1,0,1,1,1,1,1,0,0,1,1,1,1,0.5,1.5,1.5,0.5,-,
10455,1,1,1,0,1,0,1,1,0,1,1,1,1,1,1,1,1,0,1,1,1,1,1,1,1,0,1,1,1,1.5,1,0,Ce sont les savoirs/connaissances théoriques et pratiques en lien avec le domaine de l'informatique. ,
10653,1,1,1,1,1,0,1,1,0,1,1,1,1,1,0,1,0,1,1,1,1,1,1,0,1,1,1,0,1,0,0.5,0.5,,
10772,1,1,1,1,1,0,1,0,1,1,1,1,1,1,0,1,0,0,1,0,1,1,1,1,1,1,0,0,1,0.5,1.5,0,"Je ne m'y connais pas trop, ma vision se limite a l'utilisation d'internet et des logiciels.",
10528,1,1,1,1,1,0,1,1,0,1,1,1,1,1,0,1,0,1,1,1,1,1,1,0,1,1,1,0,1.5,1.5,1,1.5,Tout ce qui concerne les technologies liées aux ordinateurs,5
10556,1,1,1,1,1,0,0,0,0,1,1,1,1,0,0,1,0,0,0,1,1,1,1,1,1,1,1,0,1,0.5,0.5,0.5,C'est la recherche de l'information.,
10839,1,1,1,1,1,0,1,1,0,1,1,1,1,1,0,1,0,1,1,1,1,1,1,0,1,1,1,0,1,0.5,0.5,0.5,fonctionnement informatique et technologique ,
10964,1,1,1,0,1,0,1,0,0,0,1,1,1,1,0,0,0,1,1,0,1,1,0,0,1,1,1,1,1,0.5,0.5,0,,
10625,1,1,1,1,1,0,1,1,1,1,0,1,1,1,1,1,0,0,1,1,1,0,0,1,1,1,0,1,1,0.5,1,0,Complexe!,4
10342,1,1,1,1,1,0,1,0,0,0,1,1,1,1,0,1,0,0,1,0,1,1,1,1,1,1,0,0,0.5,0.5,0.5,0,"La science informatique est un domaine très complexe pour moi, qui se déroule avec un système de codage. ",
10758,1,1,1,1,1,0,1,0,1,1,1,1,1,1,0,1,0,0,1,1,1,1,0,1,1,1,0,0,1.5,1.5,0.5,1,C'est très intéressant mais tellement compliqué ,
10783,1,1,1,1,1,1,0,0,0,1,1,1,1,0,0,1,0,0,0,1,1,1,1,1,1,1,1,0,1.5,0.5,0.5,0.5,L'étude du vivant à l'aide d'un support informatique.,1
10531,1,1,1,1,1,1,1,0,1,1,1,1,1,1,1,1,1,1,1,0,1,1,1,1,1,1,0,1,1.5,1.5,1,1.5,"C'est tout ce qui se ""cache"" derrière les interfaces que les utilisateurs d'outils informatique utilisent. ",
10513,1,1,1,1,1,0,1,1,0,1,1,1,1,1,1,1,1,1,1,1,0,1,1,0,1,1,1,0,0.5,1.5,0.5,1,je n’en ai aucune idée ,2
9903,1,1,1,0,1,1,1,1,1,1,1,1,1,1,1,1,1,1,0,1,1,1,0,0,1,1,0,1,1.5,1.5,1,0.5,"Comprendre ""ce qu'il y a derrière"", derrière l'ordinateur, derrière un robot, etc.",5
10929,1,1,1,1,1,0,1,1,1,1,1,1,1,1,1,0,1,0,1,0,1,1,1,0,1,1,1,0,0.5,1.5,1.5,0,,
10514,1,1,1,1,1,1,1,1,0,0,1,1,1,1,1,1,1,0,1,1,1,1,1,0,1,1,0,1,1,1,0.5,0.5,"L'étude de l'information numérique , ",
10784,1,1,1,1,1,0,1,1,0,1,1,1,1,0,1,0,0,0,0,1,1,1,1,0,1,1,0,1,1,0.5,0.5,0.5,Le traitement de l'information.,
10994,1,1,1,1,1,0,1,1,0,1,1,1,1,0,1,1,1,0,0,1,0,1,1,0,0,0,1,0,0,1.5,0.5,0,,
11110,1,1,1,1,1,0,1,1,1,1,0,1,1,1,1,0,1,0,1,1,1,1,0,0,1,0,0,1,1,1.5,1.5,0,"Étude des objets, outils et moyens (historiques et actuels) relevant du domaine informatique",
10639,1,1,1,0,1,1,0,0,0,0,1,1,1,1,1,1,1,0,0,0,1,0,0,0,0,1,1,0,1,1.5,1,0,"chiffres, technologie et chargé d'informations",
10282,1,1,1,1,1,1,1,0,1,1,1,1,1,0,1,1,1,1,1,1,1,1,0,1,1,1,1,1,1.5,1.5,0.5,0.5,Savoir comment fonctionne un ordinateur ,4
10583,1,1,1,1,1,1,1,0,1,1,1,1,1,0,1,1,0,1,1,1,1,1,1,1,0,1,1,1,0.5,0,0.5,1,Comprendre se qui se cache derrière  les outils digitaux et en inventer des nouveaux. ,
11122,1,1,1,0,1,0,1,1,0,1,1,1,1,1,0,0,0,1,1,0,1,1,0,0,1,1,1,1,1,1,0.5,1,"l'étude de l'informatique dans le temps, dans l'amélioration du fonctionnement",
11113,1,0,1,1,0,0,0,0,0,1,0,1,1,1,1,1,0,1,1,0,0,1,0,0,1,1,0,0,1,0,1.5,0,.,
10594,1,1,1,1,1,0,1,1,1,1,1,1,1,1,0,1,0,0,1,1,1,1,0,1,1,1,0,0,0.5,0.5,1,0.5,,
10372,1,1,1,1,1,0,0,1,0,1,1,1,1,1,0,1,0,1,1,1,1,1,1,1,1,1,0,0,1.5,0.5,0.5,0.5,c'est magique et mystérieux.,4
10614,1,1,1,1,1,0,1,1,1,1,1,1,1,1,1,1,0,0,1,1,1,1,0,0,0,1,1,1,1,1,1.5,0.5,"Fabrication, conception de machines informatisées ou de logiciels.",
10769,1,1,1,1,1,1,1,0,1,1,1,1,1,1,1,0,0,1,1,1,1,1,0,1,1,1,1,1,1,1.5,1.5,0.5,les recherches à propos de tout ce qui touche à l'informatique,4
10502,1,1,1,1,1,1,1,0,1,1,1,1,1,1,1,1,1,1,0,1,1,1,0,0,1,1,0,1,1.5,0.5,1,0.5,"analyser, la classification j'imagine mais hâte de découvrir tout ça",5
10559,1,1,1,0,1,1,0,1,1,1,1,1,1,1,1,1,0,1,1,1,1,1,0,0,1,0,0,1,1,0.5,0.5,1,"des traitements d'informations à partir d'outils comme des ordinateurs, robots, etc. ",2
10550,1,1,0,1,1,1,1,1,1,1,1,1,1,1,1,1,1,1,1,1,1,1,1,1,1,1,1,1,1.5,1.5,1.5,1,,
10323,1,1,1,1,1,1,1,1,1,1,1,1,1,1,1,1,1,1,1,1,1,1,1,1,1,1,1,0,1,1.5,1,1,c'est l'information par le biais de moteur de recherche.,
10658,0,1,1,1,1,1,1,1,1,1,1,1,1,0,1,1,1,0,1,1,1,1,0,0,0,1,0,1,1,0.5,1.5,0.5,L'art de comprendre et parler le langage des ordinateurs,5
11077,1,1,1,1,1,0,1,0,0,1,1,1,1,1,1,1,0,0,1,1,1,1,1,0,1,1,1,0,1.5,0.5,0.5,1.5,,
10968,1,1,1,1,1,1,1,1,1,1,1,1,1,1,0,1,0,0,1,1,1,1,1,1,0,1,1,1,1,0.5,0.5,0,Je connais des choses très basiques telle que word que j'arrive a plus ou moins a bien manier. Je pense que naviguer sur internet je connais bien. Je ne sais pas trop comment faire des choses du style disque dur ou enregistrement etc..,
10807,1,1,1,1,1,1,1,1,0,1,1,1,1,1,0,1,1,1,1,0,1,1,1,1,1,1,1,0,1,1.5,0,0.5,La technologie d’aujourd’hui et dé demain. ,
10974,1,1,1,1,1,1,1,1,1,1,1,1,1,1,1,1,0,1,0,0,1,1,1,0,1,1,1,0,0.5,0,0.5,0.5,,
10578,1,1,1,1,1,0,1,1,0,1,1,1,1,0,1,0,0,1,0,0,0,1,1,0,0,1,0,0,1,1.5,1,0,C'est le fait de comprendre le fonction des appareils électroniques ,
10622,1,1,1,1,1,1,1,1,0,1,1,1,1,1,1,0,1,1,1,1,1,1,0,0,1,1,0,1,1,0,1,1,"L'informatique est quelque chose d'abstrait et dont le mécanisme n'est pas tangible, à mon sens, donc plus compliqué à comprendre. ",
11011,1,1,1,1,1,1,1,1,1,1,1,1,1,1,0,1,1,1,1,0,1,1,1,0,1,0,1,1,0.5,0,0.5,0,Ce sont des chiffres.,2
11170,1,1,0,1,1,0,1,0,1,1,1,1,1,1,1,1,1,1,1,1,1,1,1,1,0,1,1,1,1,0.5,0.5,0.5,C'est la transmission et le stockage d'informations binaire par le biais de machines ,
11261,1,1,1,1,1,0,1,0,0,1,0,1,1,1,1,1,0,1,1,1,1,1,1,0,1,1,1,1,1.5,1.5,1.5,0.5,,
11114,1,1,0,1,0,0,1,0,0,1,1,1,1,1,0,1,1,0,0,1,1,1,1,1,1,1,1,0,1.5,1.5,1.5,0,"L'étude de ce qui se passe à travers un écran: Par exemple lorsqu'on appuie sur une touche, essayer de comprendre et d'analyser le processus invisible ...( car souvent on voit l'étape finale devant notre écran, mais pas les étapes invisibles). ",
10661,1,1,1,1,1,0,1,1,1,1,1,1,1,1,1,1,1,0,1,1,1,1,1,1,0,1,1,1,1.5,1.5,1,1.5,,5
10926,1,1,1,1,1,1,1,1,1,1,1,1,1,1,0,1,0,0,1,1,1,1,0,1,1,1,1,0,1,1.5,0.5,1.5,"C'est l'étude de l'informatique ; programmation, algorithmes, etc.",
10745,1,1,1,1,1,1,1,1,1,1,0,1,1,1,0,1,1,0,1,1,1,1,1,0,1,1,0,1,1.5,1.5,0.5,1,"La science qui se charge de ce que je ne comprends pas bien, la technologie. ",
10586,1,1,1,1,1,0,1,1,0,1,1,1,1,1,0,1,0,1,0,1,1,1,1,1,1,1,0,1,0.5,0.5,1,0,réalisation de programme et de logiciel informatique,7
10896,1,1,1,1,1,0,0,0,0,1,1,1,1,0,0,1,0,0,0,1,1,1,1,1,1,1,1,0,1.5,0.5,0.5,0.5,C’est l’avenir de notre société. ,
10634,1,1,1,1,1,0,1,1,1,1,1,1,1,1,1,1,0,0,0,1,1,1,1,1,1,1,1,0,0.5,0,0.5,1.5,Une branche très compliquée,
10696,1,1,1,1,1,0,1,0,1,1,1,1,1,1,0,1,1,1,1,1,1,1,1,0,0,1,1,1,1,1.5,1.5,0.5,Comprendre comment fonctionne l'informatique,
11406,1,1,1,1,1,0,1,1,1,1,1,1,1,1,1,0,1,1,1,1,1,1,1,1,1,1,1,1,1,0.5,1,1.5,,
10504,1,1,1,1,1,1,1,0,1,1,1,1,1,0,1,0,0,0,0,0,1,1,1,1,1,1,1,0,0.5,0,1.5,0,,
10643,1,1,1,0,1,1,1,1,0,1,1,1,1,1,1,1,0,1,1,1,1,1,1,0,1,0,0,1,1,1.5,1.5,0.5,,
10700,1,1,0,0,1,0,0,0,0,0,1,1,1,1,1,0,0,1,0,0,1,1,1,0,1,1,0,0,1,1.5,0.5,1,je ne sais pas,
10624,1,1,1,1,1,0,1,0,0,0,1,1,1,0,1,0,0,1,1,1,1,1,1,0,1,1,1,1,1.5,0.5,0.5,0.5,"Pour moi, la science de l'informatique correspond à tout ce qui attrait à l'informatique, que ce soit au niveau de l'éthique numérique, ou des capacités théoriques et pratiques.",
11250,1,1,1,1,1,0,1,1,0,1,1,1,1,1,1,1,1,1,1,1,1,1,1,0,1,1,1,1,1,0.5,1.5,0.5,,
10580,1,1,1,1,1,0,1,1,1,1,1,0,1,1,1,1,0,0,1,1,1,1,1,1,1,0,1,1,1.5,0.5,1,1,Ligne de codes = charabia !,
10461,1,1,1,1,1,0,1,0,1,1,0,1,1,1,1,1,1,0,0,1,1,0,0,0,1,1,1,1,1.5,1.5,1,1.5,,5
10542,1,1,1,1,1,0,1,1,1,1,1,1,1,1,1,1,0,0,0,1,1,1,1,1,1,1,1,0,1,1.5,1,1,c'est le fait de faire des recherches sur l'informatique.,1
10879,1,1,1,1,1,1,1,1,0,1,1,1,1,0,1,1,1,1,1,1,1,1,1,1,1,1,1,1,1.5,1,1,0,,
10468,1,1,1,1,1,1,1,1,1,1,1,1,1,0,1,1,1,0,1,1,1,1,1,1,1,0,0,1,1.5,0.5,1.5,0.5,Comprendre en profondeur les principaux principes informatiques. ,4
10552,1,1,1,1,1,1,1,1,0,1,1,1,1,1,1,1,1,0,0,1,1,1,1,1,1,1,1,1,1,1.5,0.5,1,,
10540,1,1,1,1,1,0,1,1,1,1,1,1,0,1,1,1,0,1,0,1,1,1,1,0,0,1,1,1,1.5,1.5,0.5,1,C'est l'étude du fonctionnement de l'informatique,6
10526,1,1,1,1,1,0,1,1,1,1,1,1,1,1,1,1,1,0,1,1,1,1,1,1,0,0,1,1,1.5,0.5,0.5,0.5,Les savoirs de la technologie ,
10568,1,1,1,1,1,0,1,1,1,1,1,1,1,1,1,1,0,0,1,1,1,1,0,0,0,1,1,1,0.5,1.5,0.5,0.5,"quelque chose qui m'est totalement inconnu, qui ne m'intéresse pas du tout et pour lequel je n'ai pas envie de m'investir",
10882,1,1,1,1,1,1,1,0,1,1,1,1,1,1,1,1,1,1,1,1,1,1,1,1,1,1,1,1,1.5,1.5,0.5,1.5,,5
10575,1,1,1,1,1,1,1,1,1,1,1,1,1,0,1,1,1,0,1,1,1,1,1,1,1,0,0,1,1.5,1.5,1.5,0.5,,1
10932,1,1,1,0,1,0,1,0,1,1,1,1,1,1,1,0,1,0,1,0,0,0,0,0,0,1,1,1,1,0.5,1,0.5,être dans la continuité en train d'apprendre à gérer les outils de l'informatique,
10516,1,1,1,1,1,1,1,1,0,1,1,1,1,0,0,1,0,0,1,1,1,0,0,0,1,0,1,1,1,0.5,1,0,l'étude du domaine informatique ,
10532,1,1,1,1,1,0,1,1,1,1,1,1,1,1,0,0,0,1,1,1,1,1,0,0,0,1,0,0,0.5,1.5,0.5,0,,
11060,1,1,0,1,1,1,1,1,1,1,1,1,1,1,1,0,1,1,0,0,0,0,1,0,1,1,0,1,0.5,1.5,1.5,0,,
10615,1,1,0,1,0,1,1,0,1,1,1,1,0,1,1,1,0,1,1,1,1,1,0,0,1,0,1,0,1,1.5,1,0,C'est l'étude et l'évolution des technologies.,
10911,1,1,1,1,1,0,1,1,1,1,1,1,1,1,1,0,1,0,1,0,1,1,1,1,1,1,1,0,0.5,0,0.5,0,"Une science qui touche non seulement à de la programmation, à des  mathématiques, mais aussi à l'intérieur de l'ordinateur matériel.",7
10445,1,1,1,1,1,1,1,1,1,1,1,1,1,1,1,1,0,1,0,1,1,1,1,1,1,1,0,1,1,1.5,0.5,0,"toutes les recherches/travaux qui concernent l'informatique (web, ordinateurs, ...)",
10632,1,1,1,1,1,0,1,1,1,1,1,1,1,1,0,1,1,1,1,1,1,1,1,1,1,1,1,1,0.5,1.5,1.5,1,"c'est pouvoir faire des recherches approfondie à l'aide de code, gérer tout un ensemble de connexion dans une entreprise",
10589,1,1,1,1,1,1,1,1,0,1,1,1,1,1,1,1,1,1,1,1,1,1,1,1,1,1,1,1,1.5,0.5,1.5,1.5,tout ce qui est lié aux ordinateurs,
10458,1,1,1,1,1,0,1,1,1,0,1,1,1,1,1,0,1,1,1,1,1,0,1,1,1,0,1,1,1.5,0.5,0.5,1,,5
10631,1,1,1,1,1,0,1,1,0,1,0,1,1,1,0,1,1,1,1,1,1,1,0,1,1,0,0,0,0.5,0.5,0.5,0.5,tout ce qui se passe avec internet et avec nos ordinateurs,4
10826,1,1,1,1,0,1,1,0,1,1,1,1,1,0,1,1,0,0,1,0,0,0,1,1,1,1,1,1,1,1.5,1,1,je sais pas,3
10990,1,1,0,1,1,0,1,1,0,1,1,1,1,0,1,0,1,0,1,1,1,1,1,0,0,0,0,0,1,0,0.5,0,La recherche de donné,5
11074,0,1,1,0,0,0,1,0,0,1,1,1,1,0,1,1,0,0,0,0,1,0,0,0,1,1,1,1,1.5,0.5,0.5,0.5,,3
10862,1,1,1,1,1,1,1,1,1,1,1,1,1,1,1,1,0,0,1,1,1,1,1,0,1,1,0,1,1,1.5,0.5,0.5,"de la recherche sur le numérique, l'utilisation des ordinateurs etc.",
10591,1,1,1,1,1,1,1,1,0,1,1,1,1,1,1,1,1,0,0,1,1,1,1,1,1,1,1,1,0.5,1.5,0.5,1,Pouvoir tout calculer et faire des programme pour aider l'humain.,
10529,1,1,1,1,1,0,1,1,1,1,1,1,1,1,1,1,0,1,1,1,1,1,1,0,1,1,1,1,1.5,1,0.5,1,,
10890,1,0,1,0,1,0,1,1,1,1,1,1,1,1,0,1,0,0,1,0,0,0,0,0,1,0,1,1,1,0,1.5,0,C'est une science qui inclue les chiffres et des bases... ,
10918,1,1,1,0,1,0,1,0,1,1,1,1,1,1,0,1,0,0,1,0,0,0,0,0,1,0,1,1,1,0,1,0.5,C’est tout ce qui est relié à la technologie et à son utilisation ,
10604,1,1,1,1,0,0,1,1,0,1,1,1,1,0,0,1,0,0,1,1,1,1,1,0,1,1,0,0,0.5,0,0.5,0,je viens d'apprendre par votre vidéo de présentation qu'il exsitait une science informatique,
10730,1,1,1,0,1,0,1,1,0,0,1,1,1,1,1,1,1,0,0,1,1,0,0,0,1,0,1,1,1,0.5,0.5,0.5,"C'est le fait de savoir comment fonctionnent les appareils électroniques tels que les ordinateurs, tablettes, etc. ",
10930,1,1,1,0,1,1,1,1,0,1,1,1,1,0,1,1,0,1,1,1,1,1,1,1,0,1,0,1,1,0.5,1,1,"la science informatique est, pour moi, tout ce qui se passe dans nos ordinateurs.",6
11405,1,1,1,1,1,0,1,1,0,1,1,1,1,0,1,1,1,1,1,1,1,1,1,1,0,1,1,0,1.5,1.5,1.5,1.5,,
10553,1,1,1,1,1,1,1,1,1,1,1,1,1,1,1,1,1,1,1,1,1,1,1,1,1,1,1,1,1.5,0.5,1.5,1.5,Quelque chose de très complexe accessible uniquement par les gens passionnés. ,
10511,1,0,1,0,0,0,1,1,1,1,1,1,1,0,0,1,0,0,1,1,1,1,1,0,0,1,0,1,1,1.5,1,1,Quelque chose en rapport avec les maths. Quelque chose d'assez récent. ,
10672,1,1,1,1,1,0,1,1,1,1,0,1,1,1,1,1,0,1,1,1,1,1,1,1,1,1,0,1,1.5,1.5,1.5,1.5,C'est un instrument qui permet de faire des recherches et trouver des données.,5
10709,1,1,0,1,1,0,1,1,1,1,1,1,1,1,1,1,0,1,1,1,1,1,0,0,0,1,1,0,1,1.5,1,0.5,l'étude du traitement automatique de l'information,
10355,1,1,0,1,1,0,1,1,1,1,1,1,1,1,0,1,1,0,1,1,0,1,0,0,1,0,0,0,1,0.5,0.5,1.5,une science qui s'intéresse aux avancées technologiques ,
11101,1,1,1,1,1,0,0,0,0,1,1,1,1,0,0,1,0,0,0,1,1,1,1,1,1,1,1,0,1,0,0.5,0.5,,3
10466,1,1,1,1,0,0,1,1,1,1,1,1,1,1,1,1,0,0,1,1,1,1,1,0,1,1,1,0,1,1.5,0,0,La science informatique ce sont les connaissances liées à l'informatique.,
10844,1,1,1,1,1,1,1,1,1,1,1,1,1,1,1,1,1,1,1,1,1,1,1,1,1,1,1,1,0.5,1.5,0,0.5,"c'est le traitement de l'information via des ordinateurs, machines, ...",
10479,1,1,1,1,1,1,1,0,1,1,1,1,1,1,1,1,1,1,1,1,1,1,1,1,1,1,1,1,1,1.5,1,1,"C'est l'art de comprendre, de programmer et de connaitre les outils technologiques interactifs tels que les ordinateurs, les tableaux interactifs... etc.",6
10923,1,1,0,1,1,1,1,0,0,1,1,1,1,1,1,1,1,0,0,1,1,1,1,0,1,1,1,0,1.5,1.5,0.5,0,C'est les savoirs en informatique.,
11006,1,1,0,1,1,0,1,1,1,1,1,1,1,0,0,1,1,1,0,1,0,1,1,0,0,0,1,1,0.5,0.5,1,1,C'est pour moi quelque chose d'assez voir très complexe.,1
11094,1,1,1,1,1,1,1,0,1,1,1,1,1,1,1,0,0,0,1,1,1,1,1,1,0,1,1,1,1.5,1,0.5,1,l'analyse des différentes utilisations des machines électroniques ,
10475,1,1,1,1,1,1,1,1,1,1,1,1,1,1,1,1,0,1,1,1,1,1,1,1,1,1,1,1,0.5,0.5,0.5,1,Je n'arrive pas encore a déterminer précisément ce qu'est la science informatique. ,4
10754,0,1,0,1,1,0,1,1,1,1,1,1,0,1,0,1,1,1,1,1,1,1,1,0,1,1,1,0,1,0,0.5,0,L'étude des outils informatiques et leur utilisation.,
10510,1,1,1,1,1,1,1,1,0,1,1,1,1,0,0,1,0,0,1,1,1,1,1,1,1,1,1,0,0.5,1.5,1.5,0,"Essayer de comprendre l'informatique à travers différents points comme la société, l'humain,...",3
10576,1,1,1,1,1,1,1,1,1,1,1,1,1,0,1,0,1,1,1,1,1,1,1,0,0,1,1,0,1,1.5,1.5,0.5,comment fonctionne ce qu'il y a à l'intérieur d'un ordinateur,
10474,1,1,1,0,1,0,1,1,0,1,1,1,1,0,1,1,1,0,1,1,0,1,1,0,1,1,1,0,0.5,0,1.5,0.5,"tout ce qui touche l'utilisation de machines, math en informatique ou application.",
10765,1,1,1,1,1,0,1,0,0,1,0,1,1,1,1,1,0,1,1,1,1,1,1,0,1,1,1,1,1.5,1,1,0.5,C'est une matière abstraite.,
10934,1,1,1,1,1,0,1,0,0,1,0,1,1,1,1,1,0,1,1,1,1,1,1,0,1,1,1,1,1,0.5,0.5,0.5,,
10998,1,1,1,1,1,1,1,1,1,1,1,1,1,1,1,1,1,1,1,1,1,1,0,0,1,1,1,1,1.5,1.5,1,1,La science qui étudie tous les domaines liés à l'informatique,7
11088,1,1,1,1,1,0,0,1,1,1,1,1,1,0,0,1,0,0,1,0,1,0,1,0,0,1,0,1,0.5,0,0.5,0,,
10636,1,1,1,1,1,0,1,1,1,1,1,1,1,1,0,1,0,0,1,1,1,1,1,1,1,1,0,0,1,1.5,0.5,0.5,une manière interdisciplinaire d'aborder l'informatique ,
11012,1,1,1,1,1,0,1,1,0,0,1,1,1,1,1,1,0,1,1,0,1,0,1,1,1,0,0,1,1,0.5,0.5,0,"La science derrière toute machine dont le fonctionnement est programmé, donc qui s'appuie sur sa lecture d'un code pour remplir sa fonction.",
10334,1,1,1,1,1,0,1,1,1,1,1,1,1,1,1,1,1,1,1,1,1,1,1,0,1,1,1,1,1,1.5,1,1.5,le décryptage de l'ordinateur,
11023,1,1,1,1,1,1,1,0,1,1,1,1,1,0,1,1,1,0,1,1,1,1,0,0,1,1,1,1,1,1.5,1,1.5,Etude de l'information,6
10515,1,1,1,1,1,1,1,0,1,1,1,1,1,1,1,1,0,1,1,1,1,1,0,1,1,1,1,1,1.5,1,0.5,1.5,,
11028,1,1,1,1,0,0,0,1,0,1,1,1,1,0,1,1,0,0,1,0,1,1,1,0,0,1,0,0,1,0,0,0,,
10665,1,1,1,0,0,1,1,1,0,1,0,1,1,1,1,1,0,0,1,1,1,1,1,1,1,1,0,0,0.5,1.5,1.5,0.5,"Moi et l'informatique, ca fait deux, mais on arrive à collaborer au bout d'un moment( après plusieurs crises et menaces de balancer l'ordinateur par la fenêtre)  ",5
10609,0,1,1,1,1,1,1,1,1,0,0,1,1,0,1,1,1,0,1,0,1,1,1,0,1,1,0,1,1,1.5,1.5,0.5,,
10916,1,1,1,1,1,1,1,1,1,1,1,1,1,1,0,1,0,0,0,1,1,1,1,1,1,1,0,0,1,0.5,1,0,,
10986,1,0,1,1,1,1,1,1,1,1,1,1,1,1,1,0,0,1,1,1,1,1,1,0,1,1,0,0,1.5,1.5,1,1,Pour moi il s'agit d'un concept compliqué et difficilement compréhensible. C'est étudier le fonctionnement de la technologie et étudier comment et quel impact elle a sur l'individu et la société. ,
10633,1,1,0,1,1,1,1,1,0,1,1,1,1,1,0,1,0,1,1,1,1,1,1,1,1,1,0,1,0.5,0.5,1.5,0.5,"ce qui compose et règne sur l'informatique de nos jours, comment est ""composé"" l'informatique",3
10498,1,1,1,1,1,0,1,1,0,1,1,1,1,0,0,0,1,0,1,0,0,1,0,0,1,1,0,1,0.5,0,0.5,1,"Tout ce qui à trais au ordinateur, comme du codage ou encore une partie de la robotique",2
11408,1,1,1,1,1,1,1,1,1,1,0,1,1,1,0,1,0,1,1,0,1,1,0,0,0,0,1,0,1,1.5,0.5,0,,
10237,1,1,1,1,1,0,1,1,1,1,1,1,1,1,1,1,1,1,1,1,1,1,1,0,1,1,1,0,1.5,1.5,1.5,1,Histoire et fonctionnement des outils digitaux,
9012,1,1,0,1,1,0,1,0,1,1,1,1,1,1,0,1,0,0,0,0,1,1,0,0,1,1,0,1,1,0,0.5,0,"Sciences qui a à la base le calcul: mathématiques, couleurs, données etc.  ",
10350,1,1,1,1,1,1,1,1,1,1,1,1,0,1,0,1,1,0,1,1,1,1,1,1,0,1,1,0,1.5,1.5,0.5,0.5,Notre futur,
10649,1,1,0,1,0,0,1,0,1,1,1,1,1,1,0,0,1,1,1,1,0,1,0,0,1,0,0,0,1.5,0.5,0.5,1.5,,
11041,1,1,1,1,1,0,1,1,1,1,1,1,0,1,1,1,1,1,1,1,1,1,0,0,1,1,0,0,1,0.5,0.5,0.5,C'est la science qui explique le fonctionnement des différents sujets de l'informatique.,5
10666,1,1,1,1,1,1,1,1,0,1,1,1,0,1,0,1,1,1,0,1,1,0,0,0,1,0,1,1,1,1,1.5,1,C'est l'acquisition d'outils informatique.,
10645,1,1,1,0,1,0,1,1,0,1,1,0,1,1,1,0,0,0,0,1,1,1,1,0,1,0,0,0,1.5,0,1.5,1,"La science de l'informatique est, pour moi, l'étude des nouvelles technologies et comment les appliquer dans la vie courante.",
10663,1,1,1,1,1,1,1,0,1,1,1,1,1,1,1,1,0,0,1,1,0,1,1,1,1,0,1,1,0.5,0,0.5,1,,
10656,1,1,1,1,1,1,1,0,1,1,1,1,1,1,1,1,1,1,1,1,1,1,0,0,1,1,1,1,1.5,1.5,0.5,0,,2
10349,1,1,1,1,1,1,0,0,1,1,1,1,1,1,0,1,1,0,0,0,0,0,0,0,1,0,0,0,1,0.5,0,0.5,,
10761,0,1,1,1,1,1,1,0,1,1,1,1,1,1,1,1,1,1,1,1,0,1,1,0,1,1,0,1,0.5,0,1,0.5,,1
10488,1,1,1,1,1,1,1,1,0,1,1,1,1,1,0,1,0,0,0,1,0,0,0,0,0,0,0,0,1.5,1.5,1.5,1.5,"Pour moi les cours d'informatique ce ne sont pas des cours très simple, j'ai souvent eu de la difficulté au gymnase. ",
10599,1,1,1,0,1,0,0,0,1,1,1,1,0,1,0,1,0,0,1,0,0,1,0,0,0,1,0,1,0.5,1.5,1.5,0,l'intelligence artificielle,
11111,1,1,1,1,1,0,1,1,1,1,1,1,1,1,1,1,0,1,1,0,1,1,1,1,1,1,0,0,0.5,0,1,0,,
10463,1,1,1,1,1,1,1,0,1,1,1,1,1,0,1,1,1,1,1,1,1,1,1,1,1,1,1,1,1.5,1.5,1.5,1.5,"Une branche nécessaire de nos jours qui permet de s'informer et de mieux comprendre ce domaine complexe et parfois abstrait qu'est l'informatique.
",
10619,1,1,1,1,1,0,1,1,1,1,0,1,1,1,0,1,1,1,0,1,1,1,1,1,1,1,1,1,1,1,0.5,0.5,L'apprentissage et le développement de savoirs informatiques,
11132,1,1,1,1,1,0,1,1,1,1,1,1,1,0,1,1,1,0,1,1,1,1,1,0,0,1,0,0,1.5,1.5,0.5,1,L'étude des processus informatiques ,
10680,1,1,1,1,1,1,1,1,0,1,1,1,1,0,0,1,0,1,1,1,1,0,1,0,0,1,0,0,1,0,0.5,1.5,,
10566,1,1,1,1,1,0,1,1,1,1,1,1,1,1,0,1,1,1,1,0,0,1,1,0,1,1,1,0,1.5,1.5,0.5,0,"code, binaire, langage, matériaux, hard soft ",
10565,1,1,1,1,1,1,1,1,1,1,1,1,1,1,1,1,1,1,0,0,1,1,0,0,1,0,0,1,1.5,1.5,1.5,0,"comment fonctionne l'informatique, comment les données sont traitées, etc",
10441,1,1,1,1,1,0,1,1,1,1,1,1,1,1,0,1,1,1,1,0,0,1,1,0,1,1,1,0,1,0.5,1,0,,
10650,1,1,1,1,1,0,1,0,0,1,1,1,1,1,0,1,0,1,1,1,1,1,1,0,1,0,0,0,0.5,0,0.5,0,,
10495,1,1,1,0,1,1,1,1,1,1,1,1,0,0,1,0,0,0,1,1,1,1,1,0,1,0,1,1,1,1.5,1,0.5,,
10505,1,1,1,0,1,0,1,1,1,1,1,1,1,0,0,1,0,1,1,1,1,0,0,0,1,1,0,1,1,0.5,0.5,0.5,,
10675,1,1,1,0,1,0,1,1,1,1,0,0,1,1,1,1,1,0,1,1,1,1,0,1,1,1,1,0,1.5,1.5,0.5,1.5,,
11033,1,1,1,1,0,1,1,1,0,1,1,0,0,1,1,1,0,0,1,0,1,0,1,0,1,0,0,1,0.5,0,0,0,,
1875,1,1,1,1,1,1,1,1,1,1,1,1,1,1,1,1,1,1,1,1,1,1,1,1,1,1,1,1,0.5,1.5,0.5,0,,5
11112,1,1,1,1,1,0,1,1,1,1,1,0,1,1,1,1,0,1,1,1,1,1,0,0,1,1,1,1,1.5,1.5,0,0.5,,
11096,1,1,1,1,1,1,1,1,1,1,0,1,1,1,1,1,1,1,1,1,1,1,1,1,1,1,1,1,1,1.5,1,1.5,C'est des algorithmes et c'est très complexe. ,4
10787,1,0,0,0,1,0,1,1,1,1,1,1,1,1,1,1,1,0,0,1,0,1,0,1,1,1,1,1,1.5,1.5,1,0.5,"La science informatique, pour moi, est tout ce qui touche à l'intelligence artificielle, la technologie, l'ordinateur, internet, les algorithmes...",6
9684,1,1,1,1,1,0,1,1,1,1,1,1,1,0,1,0,1,1,1,0,0,1,1,0,1,1,1,1,0.5,1.5,1,1,"Tous ce qui concerne l'informatique, tel que la conception, le fonctionnement, les enjeux et les répercussions. ",5
10639,1,1,1,1,1,1,1,1,1,1,1,1,1,1,1,1,1,1,1,1,1,0,1,1,1,1,1,1,0.5,1.5,0.5,0,"chiffres, technologie et chargé d'informations",
10339,1,1,1,1,1,1,1,0,1,1,1,1,1,1,1,0,1,0,1,1,1,1,0,0,1,1,1,1,1,0.5,1,0,,
10871,1,1,0,1,1,0,1,1,0,0,1,1,1,1,1,1,1,0,0,1,1,1,1,0,1,1,0,1,1,1.5,1,0,C'est ce qui explique les composantes du monde informatique,
10525,1,1,1,0,1,1,0,1,0,1,1,1,1,1,1,1,0,1,1,1,0,1,1,0,1,1,0,1,1.5,1.5,1.5,1,C'est une science qui combine des mathématiques et de la technologie. ,
10555,1,1,1,0,1,0,1,1,1,1,1,1,0,0,0,1,0,0,0,0,1,1,1,1,1,1,1,0,1,0,0.5,1,La relation entre le numérique et l'humain.,3
10667,1,1,1,1,1,1,1,0,1,1,1,1,1,1,1,1,1,1,1,1,1,1,1,1,1,1,1,1,1.5,0,1,1,,6
10848,1,1,1,0,1,1,1,1,1,1,1,1,1,1,1,1,0,0,1,0,0,0,1,0,1,1,1,1,0.5,0.5,0.5,1,,7
11284,1,1,1,1,1,0,1,1,0,1,1,1,1,1,0,1,0,1,1,0,0,1,1,0,1,1,1,0,1,1.5,0.5,1,,
10599,1,1,1,1,1,1,1,1,1,1,1,1,1,1,1,1,0,0,1,0,1,1,0,0,0,1,1,0,1,0,1,0.5,l'intelligence artificielle,
10655,1,1,0,1,1,0,1,1,0,1,1,1,1,1,1,1,0,0,1,0,1,1,0,0,1,0,1,1,0.5,1.5,0.5,0.5,,5
11028,1,1,1,1,1,0,1,1,1,1,1,1,1,1,1,1,1,0,1,1,1,1,1,1,1,1,1,1,1.5,1,0.5,0,,
10746,1,1,1,1,1,1,1,1,1,1,1,1,1,0,0,1,0,1,1,1,1,1,1,0,0,1,0,0,1.5,1.5,1.5,1.5,,
11113,1,1,1,1,1,0,0,0,1,1,1,1,1,1,1,1,0,0,1,0,1,0,1,0,1,1,0,1,1.5,0.5,0.5,0.5,.,
10649,1,1,1,0,1,0,1,1,1,1,0,1,1,1,1,1,1,0,0,1,1,0,0,0,1,0,1,0,1.5,1.5,1,1.5,,
10018,1,1,1,1,1,1,1,1,0,1,1,1,1,1,1,1,0,0,0,0,1,1,0,0,1,1,0,0,1,1,1,0.5,,
10700,1,1,1,1,1,1,1,1,0,0,1,1,1,1,1,0,1,1,1,1,1,1,1,0,0,1,1,1,1.5,1.5,1,1,je ne sais pas,
10543,0,1,1,0,0,0,0,1,0,1,0,1,1,1,0,1,1,0,1,1,1,1,0,1,1,1,1,1,1,0,1,1,Un type de science car c'est à base de calculs,
9691,1,1,1,1,1,0,1,1,1,1,1,1,1,1,0,1,0,1,1,0,0,1,1,0,0,1,1,0,1,1.5,1.5,0.5,La science de l'information et l'étude des algorithmes pour traiter l'information,7
11092,1,1,1,1,1,0,1,1,1,1,1,1,1,1,1,1,1,0,1,1,1,1,1,0,1,1,1,1,1,1.5,1,1,,
11013,1,1,1,0,1,0,1,0,0,0,1,1,1,1,1,1,1,1,0,0,0,0,1,0,1,1,1,0,0.5,1.5,1,0,"C'est la programmation, le codage, le piratage, etc...",
10519,1,1,1,0,0,1,1,1,1,1,1,1,1,1,1,0,0,1,1,0,1,1,1,0,0,0,0,0,1,0,0.5,1.5,,6
11078,0,1,1,1,0,0,0,1,0,0,1,1,1,1,0,0,0,1,1,1,1,1,0,0,1,1,0,0,1.5,0,0,0,,
11074,1,1,1,0,0,0,1,1,1,1,0,1,1,0,0,1,0,0,1,0,0,1,1,0,1,1,0,1,0.5,1.5,1,1,,3
11102,1,1,1,1,0,0,1,1,0,0,1,1,1,0,0,1,0,1,1,0,1,1,0,0,1,1,1,0,1,1.5,1,0.5,,1
11101,1,1,1,1,1,0,0,1,0,0,1,1,1,1,0,1,0,1,1,1,1,1,0,0,0,1,0,1,1,1.5,1,1.5,,3
10932,1,1,1,0,0,0,1,1,0,0,1,1,1,1,1,1,0,0,1,1,1,0,0,0,1,1,0,1,1.5,0,0,1,être dans la continuité en train d'apprendre à gérer les outils de l'informatique,
10814,1,1,1,1,1,0,1,1,0,1,1,1,1,0,1,1,1,0,0,0,0,1,1,0,1,1,0,1,1.5,1.5,0.5,1,,2
10778,1,1,1,1,1,1,1,1,0,1,1,1,1,1,1,1,1,1,1,1,1,1,1,1,1,1,1,0,1.5,0,0.5,0.5,,
10610,1,1,1,1,1,1,1,1,1,1,1,1,1,0,1,1,1,1,1,1,1,1,1,0,1,1,1,1,1,1.5,1,1,un univers complexe,4
10994,1,1,1,1,1,1,1,1,1,1,1,1,1,1,1,1,0,1,1,1,0,1,1,1,1,1,1,1,0.5,1,1,0.5,,
10913,1,1,0,0,1,0,1,1,0,1,1,1,1,0,0,0,0,0,1,1,1,1,1,0,1,1,1,1,1,0,0.5,0.5,C'est les connaissances ou le savoir-faire qu'un individu dispose concernant le numérique. ,
10727,0,1,1,1,1,1,1,1,1,1,1,1,1,1,1,1,1,1,1,1,1,1,1,1,1,1,1,1,1,1.5,1,1,Un domaine complexe avec des algorithmes,5
10620,1,1,1,0,0,0,0,0,0,1,0,1,1,0,1,1,1,1,1,1,0,1,0,0,1,1,0,0,1,1.5,1,0.5,"c'est ce qui a un rapport avec la technologie, les ordinateurs, etc.",2
10966,1,1,0,0,0,0,1,1,0,1,1,1,1,0,0,1,0,1,1,0,0,0,0,0,1,1,0,0,1,0.5,0.5,1,l'étude du fonctionnement des algorithmes...,
11088,1,1,1,0,1,0,0,0,0,0,1,1,1,0,0,0,0,0,0,0,0,1,0,1,0,0,0,0,0.5,1.5,1,0.5,,
10996,1,1,1,0,0,0,1,1,1,1,1,1,1,1,1,1,0,1,1,1,1,0,1,0,0,1,1,0,1.5,0.5,1,1,,6
11108,1,1,1,1,1,1,1,1,1,1,1,1,1,1,1,1,0,1,1,1,1,1,0,0,1,0,1,0,0,1.5,0.5,0,,
9202,1,1,0,1,0,0,1,1,1,1,1,1,1,1,1,1,0,1,1,1,1,1,0,1,1,1,0,1,0.5,0.5,1,1.5,,4
10693,1,1,1,0,1,0,1,1,1,0,1,1,1,1,1,1,1,1,1,1,1,1,0,0,0,1,1,1,1.5,0.5,0.5,1,"Je n'ai pas vraiment d'idée, je ne me suis jamais intéressée à ce qu'était réellement l'informatique.",
10977,1,1,1,0,1,1,0,1,0,1,0,1,1,1,1,1,0,1,0,1,1,1,0,0,0,0,0,0,1.5,1.5,0.5,1,,
8968,1,1,1,1,1,0,1,1,1,1,1,1,1,1,1,1,1,1,0,1,1,1,1,0,1,1,1,1,1.5,1.5,1,0.5,,
10645,0,1,1,1,0,0,1,1,1,1,0,1,0,0,0,1,0,0,0,0,0,1,1,1,1,1,0,0,0.5,0,0.5,0.5,"La science de l'informatique est, pour moi, l'étude des nouvelles technologies et comment les appliquer dans la vie courante.",
10498,1,1,1,1,1,1,1,1,1,1,1,1,1,1,1,0,1,1,1,1,1,1,1,1,1,1,1,1,1.5,1.5,1,0.5,"Tout ce qui à trais au ordinateur, comme du codage ou encore une partie de la robotique",2
10664,1,1,1,1,1,1,1,1,1,1,1,1,1,1,1,1,1,1,1,1,1,1,1,1,1,1,1,0,1.5,1,1,0.5,c'est une étude qui étudie comment fonctionne les informations,
11034,1,1,1,1,1,1,1,1,1,1,1,1,1,1,1,1,1,1,1,1,1,1,1,1,1,1,1,1,1.5,0,0.5,0.5,"de l'informatique, je n'en sais pas plus",
10990,1,0,1,1,1,1,1,1,1,1,1,0,1,1,1,1,1,1,1,1,1,1,1,1,1,0,1,1,1.5,0,1.5,0,La recherche de donné,5
10501,1,1,1,1,1,0,1,1,1,1,1,1,1,1,1,0,0,1,1,1,1,1,0,0,1,1,1,1,0.5,1.5,1,1,"le côté plus compliqué de l'informatique, ce qui se cache derrière chaque clics",4
10685,1,1,1,0,1,1,0,1,1,1,1,1,1,1,1,1,1,1,1,1,1,1,1,0,1,1,1,1,1,1.5,1,1,,
10823,1,1,1,1,1,1,0,1,0,0,1,1,1,0,0,1,1,0,0,1,1,1,0,0,0,0,1,0,1,0.5,0.5,1,,
10855,1,1,1,1,1,1,1,1,0,1,1,1,1,1,1,1,1,1,1,0,1,1,0,1,0,1,1,1,1.5,0,1,0.5,"Connaître comment fonctionnent les ordinateurs, programmes. Pouvoir créer des logiciels, programmes pour faciliter les tâches.",
10890,1,1,0,1,1,1,0,0,1,1,1,1,1,0,1,1,0,0,1,1,0,0,1,0,1,1,1,0,1,1.5,1.5,0.5,C'est une science qui inclue les chiffres et des bases... ,
10527,1,1,0,0,0,0,1,0,1,1,1,1,1,0,1,1,0,1,0,0,0,1,1,1,1,1,1,1,1.5,1,1,1,,
10918,0,0,1,0,1,0,1,0,0,1,1,1,1,1,0,1,1,0,1,0,0,0,0,0,1,1,0,0,1.5,1.5,1,1,C’est tout ce qui est relié à la technologie et à son utilisation ,
10677,1,1,1,1,1,1,1,1,1,1,1,1,1,1,1,1,0,0,1,1,1,1,0,0,1,1,1,1,1.5,1.5,1.5,0.5,,
10898,1,1,1,0,1,0,1,1,0,1,1,1,1,1,0,1,0,0,1,1,1,0,1,0,1,1,0,0,0.5,0,0.5,0.5,,
10493,1,1,0,1,1,0,1,1,1,1,1,1,1,1,1,1,1,1,1,1,1,1,1,0,1,1,0,1,1,1.5,1,1,,5
11001,1,1,1,0,1,0,1,1,0,0,1,1,1,1,1,1,1,0,0,1,1,1,1,0,1,1,1,0,1,0,1,0.5,Je considère avoir très peu de connaissances dans le domaine ou voire pas du tout.,4
10883,1,1,1,0,1,0,0,1,0,0,1,1,1,1,1,1,1,0,0,1,1,0,0,0,0,1,0,0,1,0,1,0.5,"La science informatique fait partie de notre présent et surtout de notre avenir, ",
11127,1,1,1,1,1,0,1,1,0,1,1,1,1,0,1,1,0,1,1,1,1,1,1,1,1,1,0,1,1,0,0.5,1,Le fonctionnement l'informatique,
10472,1,1,1,1,1,1,1,1,1,1,1,1,1,1,1,1,0,1,0,0,0,1,0,0,1,1,1,0,0.5,0,0.5,0.5,s'intéresser aux programmes informatiques et aux robots,
10453,1,1,1,1,1,1,1,0,1,1,1,1,1,0,1,1,0,0,1,1,1,1,1,1,1,1,1,1,1.5,1.5,1,0.5,La science informatique comportent les connaissances mais aussi les recherches fait en technologie. ,
10342,1,1,1,1,1,1,1,0,1,1,1,1,1,1,1,1,0,0,1,0,1,1,1,1,1,1,1,1,0.5,0,1,1,"La science informatique est un domaine très complexe pour moi, qui se déroule avec un système de codage. ",
10919,1,1,1,1,0,0,1,1,1,1,1,1,1,1,1,1,1,0,1,1,0,0,1,0,1,1,1,0,1,0,0.5,0,,